policy,seed,success,collision,timeout,n_steps,total_reward,gcr
orca,0,1,0,0,136,27.395,0.0
orca,1,1,0,0,91,30.299,0.0
orca,2,1,0,0,87,31.77,0.0
orca,3,0,1,0,36,0.023,0.0
orca,4,1,0,0,64,42.469,0.0
orca,5,1,0,0,62,36.398,0.0
orca,6,1,0,0,66,42.066,0.0
orca,7,1,0,0,57,31.178,0.0
orca,8,1,0,0,52,27.932,0.0
orca,9,1,0,0,166,68.55,0.0
orca,10,1,0,0,107,36.333,0.0
orca,11,1,0,0,98,42.272,0.0
orca,12,1,0,0,165,30.053,0.0
orca,13,1,0,0,77,43.031,0.0
orca,14,1,0,0,91,33.863,0.0
orca,15,1,0,0,67,26.693,0.0
orca,16,1,0,0,67,32.062,0.0
orca,17,1,0,0,120,46.332,0.0083
orca,18,1,0,0,85,41.469,0.0
orca,19,1,0,0,58,48.588,0.0
orca,20,1,0,0,62,33.368,0.0
orca,21,1,0,0,70,44.77,0.0
orca,22,1,0,0,170,36.905,0.0
orca,23,1,0,0,52,33.193,0.0
orca,24,1,0,0,87,57.538,0.0
orca,25,1,0,0,81,43.085,0.0
orca,26,1,0,0,81,47.235,0.0
orca,27,1,0,0,102,42.546,0.0
orca,28,1,0,0,61,31.679,0.0
orca,29,1,0,0,72,41.515,0.0
orca,30,0,1,0,68,-55.203,0.1618
orca,31,1,0,0,52,32.969,0.0
orca,32,1,0,0,53,40.007,0.0
orca,33,1,0,0,67,41.539,0.0
orca,34,1,0,0,104,50.082,0.0
orca,35,1,0,0,45,28.54,0.0
orca,36,1,0,0,64,41.0,0.0
orca,37,1,0,0,67,35.364,0.0
orca,38,1,0,0,43,28.051,0.0
orca,39,1,0,0,75,24.397,0.04
orca,40,1,0,0,130,45.445,0.0538
orca,41,1,0,0,61,24.146,0.0
orca,42,0,1,0,52,-31.012,0.0769
orca,43,1,0,0,45,38.985,0.0
orca,44,1,0,0,93,34.473,0.0108
orca,45,0,1,0,23,-10.069,0.0
orca,46,1,0,0,173,38.071,0.0
orca,47,1,0,0,114,28.946,0.0
orca,48,1,0,0,63,41.954,0.0
orca,49,1,0,0,78,32.002,0.0
orca,50,1,0,0,61,38.387,0.0
orca,51,1,0,0,59,17.357,0.0678
orca,52,1,0,0,74,40.878,0.0
orca,53,0,1,0,107,4.512,0.0
orca,54,1,0,0,56,44.948,0.0
orca,55,0,1,0,23,-4.737,0.0
orca,56,1,0,0,79,34.791,0.0
orca,57,0,1,0,165,-19.623,0.0
orca,58,1,0,0,84,8.671,0.1071
orca,59,1,0,0,88,33.171,0.0
orca,60,0,0,1,194,6.846,0.0
orca,61,1,0,0,77,41.63,0.0
orca,62,1,0,0,58,29.552,0.0
orca,63,1,0,0,135,44.417,0.0
orca,64,1,0,0,91,45.217,0.0
orca,65,1,0,0,182,42.147,0.0
orca,66,1,0,0,55,35.297,0.0
orca,67,0,0,1,194,4.197,0.0
orca,68,1,0,0,99,45.115,0.0
orca,69,1,0,0,44,27.816,0.0
orca,70,1,0,0,70,-73.493,0.3143
orca,71,1,0,0,94,46.395,0.0
orca,72,1,0,0,57,40.277,0.0702
orca,73,0,0,1,194,28.017,0.0
orca,74,1,0,0,71,37.636,0.0
orca,75,0,1,0,50,-25.67,0.08
orca,76,1,0,0,90,49.143,0.0
orca,77,1,0,0,55,47.853,0.0
orca,78,1,0,0,63,35.996,0.0
orca,79,1,0,0,48,36.488,0.0
orca,80,1,0,0,81,29.198,0.0
orca,81,1,0,0,135,26.459,0.0
orca,82,0,0,1,194,20.731,0.0
orca,83,1,0,0,66,39.623,0.0
orca,84,1,0,0,86,28.26,0.0
orca,85,1,0,0,143,32.953,0.0
orca,86,1,0,0,83,32.025,0.0
orca,87,0,0,1,194,-80.145,0.1031
orca,88,0,1,0,23,-13.453,0.0
orca,89,1,0,0,128,33.647,0.0
orca,90,1,0,0,61,-8.268,0.1311
orca,91,1,0,0,60,27.721,0.0
orca,92,1,0,0,81,31.186,0.0
orca,93,1,0,0,61,45.239,0.0
orca,94,1,0,0,80,40.004,0.0
orca,95,1,0,0,98,36.565,0.0
orca,96,1,0,0,93,29.163,0.0
orca,97,1,0,0,94,37.242,0.0
orca,98,1,0,0,81,-5.621,0.0741
orca,99,1,0,0,50,32.626,0.0
orca+taga,0,0,0,1,194,15.416,0.0
orca+taga,1,1,0,0,61,30.041,0.0
orca+taga,2,1,0,0,87,31.816,0.0
orca+taga,3,0,1,0,36,-2.017,0.0
orca+taga,4,1,0,0,56,38.899,0.0
orca+taga,5,1,0,0,68,36.361,0.0
orca+taga,6,1,0,0,79,-0.238,0.1139
orca+taga,7,1,0,0,61,39.033,0.0
orca+taga,8,1,0,0,52,27.932,0.0
orca+taga,9,1,0,0,117,51.46,0.0
orca+taga,10,1,0,0,100,36.331,0.0
orca+taga,11,1,0,0,96,42.297,0.0
orca+taga,12,1,0,0,58,25.981,0.0
orca+taga,13,1,0,0,78,44.481,0.0
orca+taga,14,1,0,0,77,32.878,0.0
orca+taga,15,1,0,0,67,26.693,0.0
orca+taga,16,1,0,0,73,47.652,0.0
orca+taga,17,1,0,0,120,46.332,0.0083
orca+taga,18,1,0,0,85,46.19,0.0
orca+taga,19,1,0,0,58,41.916,0.0
orca+taga,20,0,0,1,194,38.187,0.0
orca+taga,21,1,0,0,70,44.737,0.0
orca+taga,22,1,0,0,95,50.658,0.0
orca+taga,23,1,0,0,52,33.193,0.0
orca+taga,24,1,0,0,84,67.701,0.0
orca+taga,25,1,0,0,81,43.124,0.0
orca+taga,26,1,0,0,74,40.297,0.0
orca+taga,27,1,0,0,95,42.4,0.0
orca+taga,28,1,0,0,58,31.413,0.0
orca+taga,29,0,1,0,37,-8.49,0.0
orca+taga,30,0,1,0,67,-36.903,0.1343
orca+taga,31,1,0,0,52,32.969,0.0
orca+taga,32,1,0,0,53,40.007,0.0
orca+taga,33,1,0,0,67,41.539,0.0
orca+taga,34,1,0,0,105,48.702,0.0
orca+taga,35,1,0,0,45,28.541,0.0
orca+taga,36,1,0,0,64,41.0,0.0
orca+taga,37,1,0,0,67,35.364,0.0
orca+taga,38,0,0,1,194,10.538,0.0
orca+taga,39,1,0,0,92,42.519,0.0
orca+taga,40,1,0,0,66,42.361,0.0
orca+taga,41,1,0,0,61,24.148,0.0
orca+taga,42,0,1,0,51,-31.009,0.0784
orca+taga,43,1,0,0,44,40.15,0.0
orca+taga,44,1,0,0,137,46.544,0.0073
orca+taga,45,0,1,0,23,-10.069,0.0
orca+taga,46,1,0,0,62,54.547,0.0
orca+taga,47,1,0,0,113,30.967,0.0
orca+taga,48,1,0,0,83,37.725,0.0
orca+taga,49,1,0,0,136,34.375,0.0
orca+taga,50,1,0,0,61,38.387,0.0
orca+taga,51,1,0,0,73,37.999,0.0
orca+taga,52,1,0,0,118,47.652,0.0169
orca+taga,53,1,0,0,95,36.642,0.0
orca+taga,54,1,0,0,56,44.956,0.0
orca+taga,55,0,1,0,23,-4.718,0.0
orca+taga,56,1,0,0,124,31.364,0.0
orca+taga,57,0,1,0,165,-19.623,0.0
orca+taga,58,1,0,0,84,8.671,0.1071
orca+taga,59,1,0,0,88,33.171,0.0
orca+taga,60,0,1,0,48,-2.294,0.0
orca+taga,61,0,0,1,194,22.916,0.0
orca+taga,62,1,0,0,58,29.552,0.0
orca+taga,63,1,0,0,104,8.743,0.0481
orca+taga,64,1,0,0,91,45.239,0.0
orca+taga,65,0,0,1,194,23.76,0.0
orca+taga,66,1,0,0,55,35.271,0.0
orca+taga,67,0,0,1,194,12.233,0.0
orca+taga,68,1,0,0,99,45.115,0.0
orca+taga,69,1,0,0,44,27.816,0.0
orca+taga,70,1,0,0,70,-73.476,0.3143
orca+taga,71,1,0,0,94,46.395,0.0
orca+taga,72,1,0,0,57,40.277,0.0702
orca+taga,73,1,0,0,106,47.049,0.0
orca+taga,74,1,0,0,69,37.552,0.0
orca+taga,75,0,1,0,50,-25.625,0.1
orca+taga,76,1,0,0,90,49.143,0.0
orca+taga,77,1,0,0,56,45.369,0.0
orca+taga,78,1,0,0,63,35.976,0.0
orca+taga,79,1,0,0,48,36.488,0.0
orca+taga,80,1,0,0,81,29.198,0.0
orca+taga,81,1,0,0,121,29.693,0.0
orca+taga,82,1,0,0,82,42.261,0.0
orca+taga,83,1,0,0,97,37.921,0.0
orca+taga,84,1,0,0,86,28.26,0.0
orca+taga,85,1,0,0,108,34.568,0.0
orca+taga,86,1,0,0,83,32.071,0.0
orca+taga,87,0,0,1,194,-80.145,0.1031
orca+taga,88,1,0,0,57,32.217,0.0
orca+taga,89,1,0,0,136,43.12,0.0
orca+taga,90,1,0,0,61,-8.268,0.1311
orca+taga,91,1,0,0,57,57.459,0.0
orca+taga,92,1,0,0,81,31.314,0.0
orca+taga,93,1,0,0,71,43.838,0.0
orca+taga,94,1,0,0,80,40.004,0.0
orca+taga,95,1,0,0,95,35.926,0.0
orca+taga,96,1,0,0,96,37.039,0.0
orca+taga,97,1,0,0,94,37.242,0.0
orca+taga,98,1,0,0,81,-5.621,0.0741
orca+taga,99,1,0,0,50,32.626,0.0
social_force,0,0,1,0,19,-19.456,0.0
social_force,1,1,0,0,59,31.917,0.0
social_force,2,0,1,0,74,-7.438,0.0
social_force,3,1,0,0,126,35.248,0.0
social_force,4,1,0,0,75,33.24,0.0
social_force,5,0,1,0,31,-10.775,0.0
social_force,6,0,1,0,35,0.024,0.0
social_force,7,1,0,0,95,32.535,0.0
social_force,8,1,0,0,74,25.424,0.0
social_force,9,0,1,0,51,-9.752,0.0
social_force,10,1,0,0,116,38.375,0.0
social_force,11,0,1,0,48,-7.544,0.0
social_force,12,1,0,0,119,25.92,0.0
social_force,13,0,1,0,112,13.138,0.0
social_force,14,0,0,1,194,51.463,0.0
social_force,15,0,1,0,54,-6.394,0.0
social_force,16,0,1,0,26,-12.436,0.0
social_force,17,1,0,0,48,30.712,0.0
social_force,18,0,1,0,45,-7.215,0.0
social_force,19,1,0,0,84,48.622,0.0
social_force,20,1,0,0,142,93.721,0.0
social_force,21,0,1,0,53,4.271,0.0
social_force,22,1,0,0,133,36.88,0.0
social_force,23,0,1,0,58,-4.402,0.0
social_force,24,0,1,0,50,5.146,0.0
social_force,25,0,1,0,168,10.733,0.0
social_force,26,1,0,0,83,39.314,0.0
social_force,27,1,0,0,118,42.538,0.0
social_force,28,0,1,0,33,-12.805,0.0
social_force,29,1,0,0,108,34.29,0.0
social_force,30,0,1,0,79,0.445,0.0
social_force,31,1,0,0,67,40.549,0.0
social_force,32,1,0,0,74,38.087,0.0
social_force,33,1,0,0,74,41.39,0.0
social_force,34,0,1,0,65,0.969,0.0
social_force,35,1,0,0,98,28.475,0.0
social_force,36,1,0,0,110,37.319,0.0
social_force,37,1,0,0,154,35.009,0.0
social_force,38,0,0,1,194,38.023,0.0155
social_force,39,0,1,0,88,5.487,0.0
social_force,40,0,1,0,36,-6.942,0.0
social_force,41,1,0,0,52,26.256,0.0
social_force,42,1,0,0,68,25.998,0.0
social_force,43,1,0,0,62,36.165,0.0
social_force,44,1,0,0,111,37.684,0.0
social_force,45,1,0,0,114,43.286,0.0
social_force,46,0,1,0,76,-4.179,0.0
social_force,47,0,0,1,194,14.107,0.0
social_force,48,0,1,0,83,30.561,0.0
social_force,49,0,1,0,81,24.486,0.0
social_force,50,1,0,0,68,38.388,0.0
social_force,51,1,0,0,178,35.852,0.0
social_force,52,0,1,0,77,-0.507,0.0
social_force,53,0,1,0,26,-11.779,0.0
social_force,54,1,0,0,56,38.166,0.0
social_force,55,0,1,0,20,-12.985,0.0
social_force,56,0,1,0,113,-5.212,0.0
social_force,57,1,0,0,95,35.89,0.0
social_force,58,0,1,0,14,0.48,0.0
social_force,59,1,0,0,112,32.286,0.0
social_force,60,1,0,0,112,49.621,0.0
social_force,61,1,0,0,120,41.095,0.0
social_force,62,0,1,0,15,-18.036,0.0
social_force,63,1,0,0,107,38.668,0.0
social_force,64,0,1,0,89,-4.52,0.0
social_force,65,0,1,0,37,-4.285,0.0
social_force,66,1,0,0,95,36.728,0.0
social_force,67,0,1,0,153,0.355,0.0
social_force,68,0,1,0,95,7.587,0.0
social_force,69,1,0,0,66,26.358,0.0
social_force,70,0,1,0,58,-3.862,0.0
social_force,71,0,1,0,12,-15.727,0.0
social_force,72,0,1,0,58,-3.846,0.0
social_force,73,1,0,0,109,46.841,0.0
social_force,74,1,0,0,70,37.696,0.0
social_force,75,0,1,0,55,-14.718,0.0
social_force,76,0,1,0,66,6.697,0.0
social_force,77,0,0,1,194,56.174,0.0
social_force,78,1,0,0,65,36.307,0.0
social_force,79,1,0,0,55,32.881,0.0
social_force,80,0,1,0,18,-18.623,0.0
social_force,81,0,0,1,194,14.826,0.0
social_force,82,0,1,0,40,-10.155,0.0
social_force,83,1,0,0,107,35.736,0.0
social_force,84,0,1,0,52,-4.291,0.0
social_force,85,0,1,0,16,-14.153,0.0
social_force,86,0,1,0,67,-2.437,0.0
social_force,87,0,1,0,99,-5.961,0.0
social_force,88,0,1,0,32,-10.073,0.0
social_force,89,0,1,0,23,-12.039,0.0
social_force,90,1,0,0,100,34.102,0.0
social_force,91,1,0,0,66,56.804,0.0
social_force,92,1,0,0,71,38.99,0.0
social_force,93,1,0,0,63,38.477,0.0
social_force,94,1,0,0,74,33.878,0.0
social_force,95,0,1,0,65,1.868,0.0
social_force,96,0,1,0,32,-16.183,0.0
social_force,97,0,1,0,67,-34.28,0.0896
social_force,98,0,1,0,26,-3.935,0.0
social_force,99,1,0,0,70,32.468,0.0
social_force+taga,0,0,0,1,194,13.791,0.0
social_force+taga,1,1,0,0,58,31.315,0.0
social_force+taga,2,0,1,0,74,-7.427,0.0
social_force+taga,3,1,0,0,177,46.179,0.0
social_force+taga,4,1,0,0,91,33.444,0.0
social_force+taga,5,1,0,0,110,36.122,0.0
social_force+taga,6,0,1,0,34,0.687,0.0
social_force+taga,7,1,0,0,121,35.072,0.0
social_force+taga,8,1,0,0,74,25.424,0.0
social_force+taga,9,0,1,0,51,-9.709,0.0
social_force+taga,10,1,0,0,111,38.401,0.0
social_force+taga,11,0,1,0,47,-8.533,0.0
social_force+taga,12,0,0,1,194,13.748,0.0
social_force+taga,13,1,0,0,113,59.041,0.0
social_force+taga,14,0,0,1,194,44.315,0.0
social_force+taga,15,0,1,0,54,-6.394,0.0
social_force+taga,16,0,1,0,26,-12.741,0.0
social_force+taga,17,1,0,0,48,30.712,0.0
social_force+taga,18,0,1,0,46,-7.086,0.0
social_force+taga,19,1,0,0,80,42.402,0.0
social_force+taga,20,1,0,0,117,90.843,0.0
social_force+taga,21,0,1,0,53,4.265,0.0
social_force+taga,22,0,0,1,194,29.88,0.0
social_force+taga,23,0,1,0,58,-4.402,0.0
social_force+taga,24,0,1,0,50,-2.684,0.0
social_force+taga,25,1,0,0,90,37.699,0.0
social_force+taga,26,0,1,0,29,-5.2,0.0
social_force+taga,27,1,0,0,118,42.444,0.0
social_force+taga,28,0,1,0,33,-13.419,0.0
social_force+taga,29,0,1,0,33,-5.535,0.0
social_force+taga,30,0,1,0,78,-2.202,0.0
social_force+taga,31,1,0,0,67,40.549,0.0
social_force+taga,32,1,0,0,74,38.087,0.0
social_force+taga,33,1,0,0,74,41.39,0.0
social_force+taga,34,0,1,0,59,9.301,0.0
social_force+taga,35,1,0,0,65,38.28,0.0
social_force+taga,36,1,0,0,110,37.319,0.0
social_force+taga,37,1,0,0,154,35.009,0.0
social_force+taga,38,0,0,1,194,9.461,0.0
social_force+taga,39,1,0,0,139,39.231,0.0
social_force+taga,40,0,1,0,37,-6.572,0.0
social_force+taga,41,1,0,0,52,26.233,0.0
social_force+taga,42,1,0,0,68,26.0,0.0
social_force+taga,43,0,1,0,41,-10.718,0.0
social_force+taga,44,1,0,0,159,43.614,0.0
social_force+taga,45,1,0,0,114,43.286,0.0
social_force+taga,46,1,0,0,102,36.202,0.0
social_force+taga,47,0,0,1,194,15.956,0.0
social_force+taga,48,1,0,0,120,34.102,0.0
social_force+taga,49,0,1,0,37,-7.223,0.0
social_force+taga,50,1,0,0,68,38.4,0.0
social_force+taga,51,0,0,1,194,33.855,0.0
social_force+taga,52,0,1,0,89,12.397,0.0
social_force+taga,53,0,1,0,26,-11.838,0.0
social_force+taga,54,1,0,0,56,38.258,0.0
social_force+taga,55,0,1,0,20,-13.132,0.0
social_force+taga,56,1,0,0,157,30.674,0.0
social_force+taga,57,1,0,0,95,35.89,0.0
social_force+taga,58,0,1,0,14,0.48,0.0
social_force+taga,59,1,0,0,112,32.286,0.0
social_force+taga,60,1,0,0,135,59.899,0.0
social_force+taga,61,1,0,0,120,43.449,0.0
social_force+taga,62,0,1,0,15,-18.036,0.0
social_force+taga,63,0,1,0,103,5.391,0.0
social_force+taga,64,0,1,0,79,-4.903,0.0
social_force+taga,65,0,1,0,37,1.101,0.0
social_force+taga,66,1,0,0,96,36.697,0.0
social_force+taga,67,0,0,1,194,19.636,0.0
social_force+taga,68,0,1,0,95,7.587,0.0
social_force+taga,69,1,0,0,66,26.358,0.0
social_force+taga,70,0,1,0,58,-3.855,0.0
social_force+taga,71,0,1,0,12,-15.727,0.0
social_force+taga,72,0,1,0,58,-3.846,0.0
social_force+taga,73,1,0,0,110,45.859,0.0
social_force+taga,74,1,0,0,70,37.686,0.0
social_force+taga,75,0,1,0,55,-14.67,0.0
social_force+taga,76,0,1,0,66,6.697,0.0
social_force+taga,77,0,0,1,194,46.063,0.0
social_force+taga,78,1,0,0,65,35.557,0.0
social_force+taga,79,1,0,0,55,32.881,0.0
social_force+taga,80,0,1,0,18,-18.623,0.0
social_force+taga,81,0,0,1,194,13.066,0.0
social_force+taga,82,0,1,0,41,-9.79,0.0
social_force+taga,83,1,0,0,107,35.924,0.0
social_force+taga,84,0,1,0,52,-4.291,0.0
social_force+taga,85,0,1,0,16,-14.149,0.0
social_force+taga,86,0,1,0,67,-2.771,0.0
social_force+taga,87,0,1,0,99,-5.961,0.0
social_force+taga,88,0,1,0,31,-9.689,0.0
social_force+taga,89,0,1,0,22,-12.096,0.0
social_force+taga,90,1,0,0,100,34.102,0.0
social_force+taga,91,1,0,0,69,58.138,0.0
social_force+taga,92,0,1,0,33,-14.504,0.0
social_force+taga,93,0,1,0,25,-9.513,0.0
social_force+taga,94,1,0,0,74,33.878,0.0
social_force+taga,95,0,0,1,194,62.899,0.0
social_force+taga,96,0,1,0,28,-8.512,0.0
social_force+taga,97,0,1,0,67,-34.28,0.0896
social_force+taga,98,0,1,0,26,-3.935,0.0
social_force+taga,99,1,0,0,70,32.468,0.0
intention_rl,0,1,0,0,42,28.726,0.0
intention_rl,1,1,0,0,49,31.931,0.0
intention_rl,2,1,0,0,67,34.014,0.0
intention_rl,3,1,0,0,48,28.02,0.0
intention_rl,4,1,0,0,53,33.215,0.0
intention_rl,5,1,0,0,85,36.583,0.0
intention_rl,6,1,0,0,58,46.608,0.0
intention_rl,7,1,0,0,43,27.266,0.0
intention_rl,8,1,0,0,52,25.62,0.0
intention_rl,9,0,1,0,38,-3.995,0.0
intention_rl,10,1,0,0,54,40.967,0.0
intention_rl,11,0,1,0,12,-15.352,0.0
intention_rl,12,1,0,0,58,27.063,0.0
intention_rl,13,1,0,0,75,38.842,0.0
intention_rl,14,1,0,0,51,31.109,0.0
intention_rl,15,1,0,0,48,27.513,0.0
intention_rl,16,1,0,0,50,30.561,0.0
intention_rl,17,1,0,0,43,30.414,0.0
intention_rl,18,1,0,0,76,39.738,0.0
intention_rl,19,1,0,0,99,36.206,0.0
intention_rl,20,1,0,0,57,33.778,0.0
intention_rl,21,1,0,0,56,40.862,0.0
intention_rl,22,1,0,0,72,36.297,0.0
intention_rl,23,1,0,0,52,33.33,0.0
intention_rl,24,1,0,0,75,48.336,0.0
intention_rl,25,1,0,0,78,50.24,0.0
intention_rl,26,1,0,0,65,53.551,0.0
intention_rl,27,1,0,0,87,50.458,0.0
intention_rl,28,1,0,0,45,29.329,0.0
intention_rl,29,1,0,0,55,34.271,0.0
intention_rl,30,0,1,0,40,-1.271,0.0
intention_rl,31,1,0,0,50,32.831,0.0
intention_rl,32,1,0,0,50,8.163,0.12
intention_rl,33,1,0,0,66,41.648,0.0
intention_rl,34,1,0,0,88,51.55,0.0
intention_rl,35,1,0,0,48,28.486,0.0
intention_rl,36,0,1,0,45,7.877,0.0
intention_rl,37,1,0,0,71,35.212,0.0
intention_rl,38,1,0,0,48,9.958,0.0833
intention_rl,39,1,0,0,58,31.854,0.0
intention_rl,40,1,0,0,64,31.177,0.0
intention_rl,41,1,0,0,36,9.686,0.1111
intention_rl,42,1,0,0,40,27.344,0.0
intention_rl,43,1,0,0,37,26.798,0.0
intention_rl,44,0,1,0,21,-22.839,0.0952
intention_rl,45,1,0,0,76,53.096,0.0395
intention_rl,46,1,0,0,59,36.116,0.0
intention_rl,47,1,0,0,127,101.704,0.0
intention_rl,48,1,0,0,66,36.457,0.0
intention_rl,49,1,0,0,63,35.955,0.0
intention_rl,50,1,0,0,59,38.338,0.0
intention_rl,51,0,1,0,17,-13.02,0.0
intention_rl,52,1,0,0,79,53.963,0.0
intention_rl,53,0,1,0,56,-21.451,0.0714
intention_rl,54,1,0,0,56,48.204,0.0
intention_rl,55,1,0,0,83,69.933,0.0
intention_rl,56,1,0,0,58,35.84,0.0
intention_rl,57,0,1,0,12,-17.203,0.0
intention_rl,58,0,1,0,17,8.146,0.0
intention_rl,59,1,0,0,58,37.993,0.0
intention_rl,60,0,1,0,16,-14.613,0.0
intention_rl,61,1,0,0,69,40.957,0.0
intention_rl,62,0,1,0,21,-25.004,0.1905
intention_rl,63,1,0,0,60,36.503,0.0
intention_rl,64,0,1,0,43,7.688,0.0
intention_rl,65,1,0,0,67,35.951,0.0448
intention_rl,66,1,0,0,62,45.662,0.0
intention_rl,67,1,0,0,42,27.809,0.0
intention_rl,68,1,0,0,89,46.729,0.0
intention_rl,69,1,0,0,40,26.626,0.0
intention_rl,70,1,0,0,56,30.934,0.0
intention_rl,71,1,0,0,78,26.087,0.0513
intention_rl,72,1,0,0,88,10.021,0.1023
intention_rl,73,0,1,0,40,-1.566,0.0
intention_rl,74,1,0,0,60,37.371,0.0
intention_rl,75,1,0,0,71,44.647,0.0
intention_rl,76,1,0,0,78,43.295,0.0
intention_rl,77,1,0,0,57,39.226,0.0
intention_rl,78,1,0,0,67,50.024,0.0
intention_rl,79,1,0,0,51,39.588,0.0
intention_rl,80,1,0,0,44,31.355,0.0
intention_rl,81,1,0,0,72,25.975,0.0
intention_rl,82,1,0,0,71,36.853,0.0
intention_rl,83,1,0,0,61,35.635,0.0
intention_rl,84,1,0,0,52,28.978,0.0
intention_rl,85,0,1,0,15,-15.079,0.0
intention_rl,86,1,0,0,67,39.739,0.0
intention_rl,87,1,0,0,82,42.384,0.0
intention_rl,88,1,0,0,69,25.691,0.0145
intention_rl,89,1,0,0,50,43.248,0.0
intention_rl,90,1,0,0,53,31.57,0.0
intention_rl,91,1,0,0,50,28.63,0.0
intention_rl,92,1,0,0,42,27.788,0.0
intention_rl,93,1,0,0,48,1.514,0.125
intention_rl,94,1,0,0,43,29.717,0.0
intention_rl,95,1,0,0,52,32.129,0.0
intention_rl,96,0,1,0,37,4.572,0.0
intention_rl,97,0,1,0,38,-1.744,0.0
intention_rl,98,1,0,0,52,27.246,0.0
intention_rl,99,1,0,0,62,32.667,0.0
intention_rl+taga,0,1,0,0,56,25.646,0.0
intention_rl+taga,1,1,0,0,48,28.464,0.0
intention_rl+taga,2,1,0,0,108,34.736,0.0
intention_rl+taga,3,1,0,0,47,34.953,0.0
intention_rl+taga,4,1,0,0,55,33.333,0.0
intention_rl+taga,5,0,0,1,194,22.905,0.0412
intention_rl+taga,6,1,0,0,73,42.833,0.0
intention_rl+taga,7,0,1,0,15,-10.679,0.0
intention_rl+taga,8,1,0,0,51,25.721,0.0
intention_rl+taga,9,0,1,0,39,-3.267,0.0
intention_rl+taga,10,1,0,0,54,41.467,0.0
intention_rl+taga,11,0,1,0,12,-15.363,0.0
intention_rl+taga,12,1,0,0,83,29.9,0.0
intention_rl+taga,13,0,1,0,34,-6.489,0.0
intention_rl+taga,14,1,0,0,51,32.418,0.0
intention_rl+taga,15,1,0,0,47,26.865,0.0
intention_rl+taga,16,1,0,0,52,32.189,0.0
intention_rl+taga,17,1,0,0,43,30.45,0.0
intention_rl+taga,18,1,0,0,74,37.016,0.0
intention_rl+taga,19,1,0,0,144,36.837,0.0
intention_rl+taga,20,1,0,0,56,32.989,0.0
intention_rl+taga,21,1,0,0,50,39.102,0.0
intention_rl+taga,22,1,0,0,75,36.671,0.0
intention_rl+taga,23,1,0,0,53,33.111,0.0
intention_rl+taga,24,1,0,0,75,48.148,0.0
intention_rl+taga,25,1,0,0,77,49.705,0.0
intention_rl+taga,26,1,0,0,66,47.081,0.0
intention_rl+taga,27,1,0,0,79,48.204,0.0
intention_rl+taga,28,1,0,0,45,29.589,0.0
intention_rl+taga,29,1,0,0,55,34.176,0.0
intention_rl+taga,30,1,0,0,102,42.79,0.0
intention_rl+taga,31,1,0,0,50,32.831,0.0
intention_rl+taga,32,0,1,0,16,-16.939,0.25
intention_rl+taga,33,1,0,0,66,41.648,0.0
intention_rl+taga,34,1,0,0,88,53.461,0.0
intention_rl+taga,35,1,0,0,55,28.392,0.0
intention_rl+taga,36,0,1,0,45,7.877,0.0
intention_rl+taga,37,1,0,0,71,35.212,0.0
intention_rl+taga,38,1,0,0,49,23.935,0.0204
intention_rl+taga,39,1,0,0,70,40.86,0.0
intention_rl+taga,40,0,1,0,39,0.078,0.0
intention_rl+taga,41,1,0,0,42,25.968,0.0
intention_rl+taga,42,1,0,0,40,27.895,0.0
intention_rl+taga,43,1,0,0,37,26.542,0.0
intention_rl+taga,44,1,0,0,55,27.054,0.0182
intention_rl+taga,45,1,0,0,90,47.786,0.0556
intention_rl+taga,46,1,0,0,59,36.269,0.0
intention_rl+taga,47,1,0,0,65,42.04,0.0
intention_rl+taga,48,1,0,0,65,37.556,0.0
intention_rl+taga,49,1,0,0,79,37.676,0.0
intention_rl+taga,50,1,0,0,59,38.341,0.0
intention_rl+taga,51,0,1,0,17,-13.022,0.0
intention_rl+taga,52,1,0,0,84,50.706,0.0
intention_rl+taga,53,0,1,0,28,-9.184,0.0
intention_rl+taga,54,1,0,0,56,48.29,0.0
intention_rl+taga,55,1,0,0,79,69.153,0.0
intention_rl+taga,56,0,1,0,47,7.392,0.1702
intention_rl+taga,57,0,1,0,18,-24.818,0.2222
intention_rl+taga,58,0,1,0,17,8.145,0.0
intention_rl+taga,59,1,0,0,58,37.993,0.0
intention_rl+taga,60,0,1,0,16,-14.618,0.0
intention_rl+taga,61,1,0,0,69,41.035,0.0
intention_rl+taga,62,0,1,0,19,-15.761,0.0526
intention_rl+taga,63,1,0,0,60,36.359,0.0
intention_rl+taga,64,0,1,0,44,6.886,0.0
intention_rl+taga,65,0,1,0,40,-6.755,0.125
intention_rl+taga,66,1,0,0,57,45.815,0.0
intention_rl+taga,67,1,0,0,42,27.832,0.0
intention_rl+taga,68,1,0,0,97,46.745,0.0
intention_rl+taga,69,1,0,0,40,26.626,0.0
intention_rl+taga,70,1,0,0,56,30.914,0.0
intention_rl+taga,71,1,0,0,80,8.873,0.1375
intention_rl+taga,72,1,0,0,87,6.362,0.092
intention_rl+taga,73,0,0,1,194,32.311,0.0
intention_rl+taga,74,1,0,0,60,37.361,0.0
intention_rl+taga,75,0,1,0,19,-13.491,0.0
intention_rl+taga,76,1,0,0,78,43.295,0.0
intention_rl+taga,77,1,0,0,64,34.392,0.0
intention_rl+taga,78,1,0,0,64,46.471,0.0
intention_rl+taga,79,1,0,0,51,39.588,0.0
intention_rl+taga,80,1,0,0,42,31.389,0.0
intention_rl+taga,81,1,0,0,135,27.144,0.0
intention_rl+taga,82,1,0,0,71,36.642,0.0
intention_rl+taga,83,1,0,0,62,39.888,0.0
intention_rl+taga,84,1,0,0,64,28.202,0.0
intention_rl+taga,85,0,1,0,13,-13.794,0.0
intention_rl+taga,86,1,0,0,79,47.087,0.0
intention_rl+taga,87,1,0,0,80,39.974,0.0
intention_rl+taga,88,1,0,0,68,8.309,0.0735
intention_rl+taga,89,0,1,0,20,-7.709,0.0
intention_rl+taga,90,1,0,0,53,31.731,0.0
intention_rl+taga,91,1,0,0,128,33.796,0.0
intention_rl+taga,92,1,0,0,43,30.502,0.0
intention_rl+taga,93,1,0,0,55,31.188,0.0
intention_rl+taga,94,1,0,0,43,29.76,0.0
intention_rl+taga,95,1,0,0,53,32.572,0.0
intention_rl+taga,96,0,1,0,37,3.515,0.0
intention_rl+taga,97,0,1,0,38,-1.744,0.0
intention_rl+taga,98,1,0,0,52,27.307,0.0
intention_rl+taga,99,1,0,0,62,32.666,0.0
grace,0,0,0,1,194,10.232,0.0
grace,1,1,0,0,131,29.427,0.0
grace,2,1,0,0,184,31.81,0.0
grace,3,1,0,0,62,29.535,0.0
grace,4,1,0,0,64,33.737,0.0
grace,5,1,0,0,105,36.262,0.0
grace,6,1,0,0,85,42.159,0.0
grace,7,1,0,0,74,30.175,0.0
grace,8,1,0,0,64,32.226,0.0
grace,9,0,0,1,194,22.583,0.0
grace,10,0,1,0,14,-17.935,0.0
grace,11,1,0,0,103,44.74,0.0
grace,12,1,0,0,181,28.245,0.0
grace,13,1,0,0,98,39.03,0.0
grace,14,1,0,0,68,30.006,0.0
grace,15,0,1,0,14,-20.512,0.0
grace,16,1,0,0,64,29.114,0.0
grace,17,0,1,0,26,-9.781,0.0
grace,18,1,0,0,100,35.205,0.0
grace,19,1,0,0,102,37.76,0.0
grace,20,1,0,0,78,39.211,0.0
grace,21,1,0,0,55,45.953,0.0
grace,22,1,0,0,81,36.884,0.0
grace,23,1,0,0,59,39.131,0.0
grace,24,0,0,1,194,34.316,0.0
grace,25,0,1,0,35,-13.104,0.0
grace,26,0,1,0,46,0.931,0.0
grace,27,1,0,0,119,42.494,0.0
grace,28,0,0,1,194,35.315,0.0
grace,29,1,0,0,68,34.191,0.0
grace,30,1,0,0,136,44.955,0.0
grace,31,1,0,0,54,33.139,0.0
grace,32,1,0,0,104,32.442,0.0
grace,33,1,0,0,153,41.287,0.0
grace,34,1,0,0,129,46.217,0.0
grace,35,0,1,0,142,-2.035,0.0
grace,36,1,0,0,90,35.834,0.0
grace,37,1,0,0,70,34.904,0.0
grace,38,0,0,1,194,9.203,0.0
grace,39,0,0,1,194,15.215,0.0
grace,40,1,0,0,91,29.89,0.0
grace,41,1,0,0,47,25.916,0.0
grace,42,1,0,0,50,25.984,0.0
grace,43,0,0,1,194,12.105,0.0
grace,44,0,0,1,194,19.795,0.0
grace,45,1,0,0,116,43.574,0.0
grace,46,1,0,0,63,36.173,0.0
grace,47,0,0,1,194,7.017,0.0
grace,48,1,0,0,81,36.376,0.0
grace,49,0,0,1,194,15.472,0.0
grace,50,1,0,0,69,38.203,0.0
grace,51,0,0,1,194,14.32,0.0
grace,52,1,0,0,86,56.183,0.0
grace,53,0,1,0,8,-16.718,0.0
grace,54,0,1,0,20,-1.768,0.0
grace,55,1,0,0,161,43.734,0.0
grace,56,1,0,0,87,30.738,0.0
grace,57,1,0,0,62,34.321,0.0
grace,58,1,0,0,183,54.514,0.0
grace,59,0,1,0,44,-5.936,0.0
grace,60,1,0,0,157,45.693,0.0
grace,61,1,0,0,74,40.958,0.0
grace,62,1,0,0,64,31.239,0.0
grace,63,1,0,0,63,45.752,0.0
grace,64,1,0,0,126,44.2,0.0
grace,65,1,0,0,74,40.905,0.0
grace,66,1,0,0,55,33.321,0.0
grace,67,1,0,0,47,27.727,0.0
grace,68,1,0,0,97,42.07,0.0
grace,69,0,1,0,25,-19.226,0.0
grace,70,1,0,0,56,31.582,0.0
grace,71,1,0,0,89,49.938,0.0
grace,72,1,0,0,90,33.408,0.0
grace,73,1,0,0,90,37.094,0.0
grace,74,1,0,0,71,37.546,0.0
grace,75,1,0,0,78,40.521,0.0
grace,76,1,0,0,122,43.45,0.0
grace,77,1,0,0,85,31.187,0.0
grace,78,1,0,0,81,40.034,0.0
grace,79,1,0,0,61,43.487,0.0
grace,80,1,0,0,66,28.916,0.0
grace,81,0,0,1,194,14.989,0.0
grace,82,1,0,0,87,34.263,0.0
grace,83,1,0,0,71,40.167,0.0
grace,84,1,0,0,129,28.179,0.0
grace,85,0,1,0,16,-12.62,0.0
grace,86,1,0,0,90,30.001,0.0
grace,87,1,0,0,154,42.008,0.0
grace,88,0,0,1,194,23.087,0.0
grace,89,1,0,0,91,38.8,0.0
grace,90,1,0,0,55,31.769,0.0
grace,91,1,0,0,178,28.584,0.0
grace,92,1,0,0,55,31.179,0.0
grace,93,1,0,0,169,32.72,0.0
grace,94,1,0,0,74,29.475,0.0
grace,95,1,0,0,82,32.333,0.0
grace,96,1,0,0,94,29.235,0.0
grace,97,1,0,0,89,34.402,0.0
grace,98,0,1,0,48,-8.845,0.0
grace,99,1,0,0,54,32.537,0.0
